<?xml version="1.0" encoding="utf-8" ?>
<lom:lom xmlns="https://ocw.mit.edu/xmlns/LOM"
         xmlns:lom="https://ocw.mit.edu/xmlns/LOM"
         xmlns:ocwlom="https://ocw.mit.edu/xmlns/ocwLOM"
         xmlns:xsi="http://www.w3.org/2001/XMLSchema-instance"
         xsi:schemaLocation="https://ocw.mit.edu/xmlns/LOM https://ocw.mit.edu/xsd/LOM/lomv1.0/lomv1.0.xsd https://ocw.mit.edu/xmlns/ocwLOM https://ocw.mit.edu/xsd/ocwLOM/ocwlomv1.0/ocwlomv1.0.xsd">
  <!--************************************************************ 
  This LOM record was produced by an automatic transformation to IEEE LOM, from OpenCourseWare's (OCW) initial version of Learning Object Metadata (LOM). (The initial version was based on IMS Global Consortium's LOM.)
			********************************************************-->
<!--***************************-->
<!--**** GENERAL ****-->
<!--***************************-->
    <lom:general uniqueElementName="general">
        <lom:title uniqueElementName="title">
            <lom:string language="en">6-0002f16-th.jpg</lom:string>
        </lom:title>
        <lom:description>
            <lom:string language="en"></lom:string>
        </lom:description>
        <lom:language>en</lom:language>
        <lom:aggregationLevel uniqueElementName="aggregationLevel">
            <lom:source uniqueElementName="source">LOMv1.0</lom:source>
            <lom:value uniqueElementName="value">2</lom:value>
        </lom:aggregationLevel>
    </lom:general>
<!--***************************-->
<!--**** LIFECYCLE ****-->
<!--***************************-->
    <lom:lifeCycle uniqueElementName="lifeCycle">
        <lom:version uniqueElementName="version">
            <lom:string language="en">Fall 2016</lom:string>
        </lom:version>
        <lom:contribute>
            <lom:role>
                <lom:source uniqueElementName="source">OCW_LOMv1.0</lom:source>
                <lom:value uniqueElementName="value">Author</lom:value>
            </lom:role>
            <lom:entity>Grimson, Eric</lom:entity>
            <lom:date uniqueElementName="date">
                <lom:dateTime uniqueElementName="dateTime">2018-6-20</lom:dateTime>
            </lom:date>
        </lom:contribute>
        <lom:contribute>
            <lom:role>
                <lom:source uniqueElementName="source">OCW_LOMv1.0</lom:source>
                <lom:value uniqueElementName="value">Author</lom:value>
            </lom:role>
            <lom:entity>Guttag, John</lom:entity>
            <lom:date uniqueElementName="date">
                <lom:dateTime uniqueElementName="dateTime">2018-6-20</lom:dateTime>
            </lom:date>
        </lom:contribute>
        <lom:contribute>
            <lom:role>
                <lom:source uniqueElementName="source">OCW_LOMv1.0</lom:source>
                <lom:value uniqueElementName="value">Author</lom:value>
            </lom:role>
            <lom:entity>Bell, Ana</lom:entity>
            <lom:date uniqueElementName="date">
                <lom:dateTime uniqueElementName="dateTime">2018-6-20</lom:dateTime>
            </lom:date>
        </lom:contribute>
        
    </lom:lifeCycle>
<!--***************************-->
<!--**** TECHNICAL ****-->
<!--***************************-->
    <lom:technical uniqueElementName="technical">
        <lom:location>/courses/electrical-engineering-and-computer-science/6-0002-introduction-to-computational-thinking-and-data-science-fall-2016/6-0002f16-th.jpg</lom:location>
        <lom:format>image/jpeg</lom:format>
        <lom:otherPlatformRequirements>
			<lom:string language="en"></lom:string>
		</lom:otherPlatformRequirements>
		<lom:size>5785</lom:size>
        <lom:requirement>
            <lom:orComposite>
                <lom:type uniqueElementName="type">
                    <lom:source uniqueElementName="source">LOMv1.0</lom:source>
                    <lom:value uniqueElementName="value">Browser</lom:value>
                </lom:type>
                <lom:name uniqueElementName="name">
                    <lom:source uniqueElementName="source">LOMv1.0</lom:source>
                    <lom:value uniqueElementName="value">Chrome</lom:value>
                </lom:name>
                <lom:minimumVersion
    uniqueElementName="minimumVersion">40.0</lom:minimumVersion>
            </lom:orComposite>
            <lom:orComposite>
                <lom:type uniqueElementName="type">
                    <lom:source uniqueElementName="source">LOMv1.0</lom:source>
                    <lom:value uniqueElementName="value">Browser</lom:value>
                </lom:type>
                <lom:name uniqueElementName="name">
                    <lom:source uniqueElementName="source">LOMv1.0</lom:source>
                    <lom:value uniqueElementName="value">Safari</lom:value>
                </lom:name>
                <lom:minimumVersion
    uniqueElementName="minimumVersion">8.0</lom:minimumVersion>
            </lom:orComposite>
            <lom:orComposite>
                <lom:type uniqueElementName="type">
                    <lom:source uniqueElementName="source">LOMv1.0</lom:source>
                    <lom:value uniqueElementName="value">Browser</lom:value>
                </lom:type>
                <lom:name uniqueElementName="name">
                    <lom:source uniqueElementName="source">LOMv1.0</lom:source>
                    <lom:value uniqueElementName="value">Mozilla Firefox</lom:value>
                </lom:name>
                <lom:minimumVersion
    uniqueElementName="minimumVersion">38.0</lom:minimumVersion>
            </lom:orComposite>
            <lom:orComposite>
                <lom:type uniqueElementName="type">
                    <lom:source uniqueElementName="source">LOMv1.0</lom:source>
                    <lom:value uniqueElementName="value">Browser</lom:value>
                </lom:type>
                <lom:name uniqueElementName="name">
                    <lom:source uniqueElementName="source">LOMv1.0</lom:source>
                    <lom:value uniqueElementName="value">Internet Explorer</lom:value>
                </lom:name>
                <lom:minimumVersion
    uniqueElementName="minimumVersion">9.0</lom:minimumVersion>
            </lom:orComposite>
            <lom:orComposite>
                <lom:type uniqueElementName="type">
                    <lom:source uniqueElementName="source">LOMv1.0</lom:source>
                    <lom:value uniqueElementName="value">Browser</lom:value>
                </lom:type>
                <lom:name uniqueElementName="name">
                    <lom:source uniqueElementName="source">LOMv1.0</lom:source>
                    <lom:value uniqueElementName="value">Edge</lom:value>
                </lom:name>
                <lom:minimumVersion
    uniqueElementName="minimumVersion">13.1</lom:minimumVersion>
            </lom:orComposite>
        </lom:requirement>
    </lom:technical>
<!--***************************-->
<!--**** EDUCATIONAL ****-->
<!--***************************-->
    <lom:educational>
    	<lom:learningResourceType>
			<lom:source uniqueElementName="source">LOMv1.0</lom:source>
			<lom:value uniqueElementName="value">Audio/Visual | Image/Image Set</lom:value>
		</lom:learningResourceType>
        <lom:context>
            <lom:source uniqueElementName="source">OCW_LOMv1.0</lom:source>
            <lom:value uniqueElementName="value">Undergraduate</lom:value>
        </lom:context>
        <lom:description>
			<lom:string language="en"></lom:string>
		</lom:description>
    </lom:educational>
<!--***************************-->
<!--**** RIGHTS ****-->
<!--***************************-->
    <lom:rights uniqueElementName="rights">
        <lom:copyrightAndOtherRestrictions uniqueElementName="copyrightAndOtherRestrictions">
            <lom:source uniqueElementName="source">LOMv1.0</lom:source>
            <lom:value uniqueElementName="value">yes</lom:value>
        </lom:copyrightAndOtherRestrictions>
        <lom:description>
            <lom:string language="en">This site (c) Massachusetts Institute of Technology 2018.  Content within individual courses is (c) by the individual authors unless otherwise noted. The Massachusetts Institute of Technology is providing this Work (as defined below) under the terms of this Creative Commons public license ("CCPL" or "license") unless otherwise noted. The Work is protected by copyright and/or other applicable law. Any use of the work other than as authorized under this license is prohibited. By exercising any of the rights to the Work provided here, You (as defined below) accept and agree to be bound by the terms of this license. The Licensor, the Massachusetts Institute of Technology, grants You the rights contained here in consideration of Your acceptance of such terms and conditions.</lom:string>
        </lom:description>
    </lom:rights>
<!--***************************-->
<!--**** RELATION ****-->
<!--***************************-->
    <lom:relation>
        <lom:kind uniqueElementName="kind">
            <lom:source uniqueElementName="source">LOMv1.0</lom:source>
            <lom:value uniqueElementName="value">ispartof</lom:value>
        </lom:kind>
        <lom:resource uniqueElementName="resource">
            <lom:identifier>
                <lom:catalog uniqueElementName="catalog">OCW Master Course Number</lom:catalog>
                <lom:entry uniqueElementName="entry">6.0002 Introduction to Computational Thinking and Data Science Fall 2016</lom:entry>
            </lom:identifier>
            <lom:description>
                <lom:string language="en">6.0002 is the continuation of 6.0001 Introduction to Computer Science and Programming in Python and is intended for students with little or no programming experience. It aims to provide students with an understanding of the role computation can play in solving problems and to help students, regardless of their major, feel justifiably confident of their ability to write small programs that allow them to accomplish useful goals. The class uses the Python 3.5 programming language.</lom:string>
            </lom:description>
        </lom:resource>
    </lom:relation>
<!--***************************-->
<!--**** CLASSIFICATION ****-->
<!--***************************-->
    <lom:classification>
        <lom:taxonPath>
            <lom:source uniqueElementName="source">
                <lom:string language="en">CIP</lom:string>
            </lom:source>
            <lom:taxon>
                <lom:id uniqueElementName="id">110701</lom:id>
                <lom:entry uniqueElementName="entry">
                    <lom:string language="en"></lom:string>
                </lom:entry>
            </lom:taxon>
        </lom:taxonPath>
        <lom:keyword>
            <lom:string language="en">Python 3.5</lom:string>
        </lom:keyword>
        <lom:keyword>
            <lom:string language="en">Python</lom:string>
        </lom:keyword>
        <lom:keyword>
            <lom:string language="en">machine learning</lom:string>
        </lom:keyword>
        <lom:keyword>
            <lom:string language="en">knapsack problem</lom:string>
        </lom:keyword>
        <lom:keyword>
            <lom:string language="en">greedy algorithm</lom:string>
        </lom:keyword>
        <lom:keyword>
            <lom:string language="en">optimization</lom:string>
        </lom:keyword>
        <lom:keyword>
            <lom:string language="en">weights</lom:string>
        </lom:keyword>
        <lom:keyword>
            <lom:string language="en">models</lom:string>
        </lom:keyword>
        <lom:keyword>
            <lom:string language="en">computational thinking</lom:string>
        </lom:keyword>
        <lom:keyword>
            <lom:string language="en">data science</lom:string>
        </lom:keyword>
        <lom:keyword>
            <lom:string language="en">dynamic programming</lom:string>
        </lom:keyword>
        <lom:keyword>
            <lom:string language="en">recursion</lom:string>
        </lom:keyword>
        <lom:keyword>
            <lom:string language="en">knapsack problem</lom:string>
        </lom:keyword>
        <lom:keyword>
            <lom:string language="en">exponential time</lom:string>
        </lom:keyword>
        <lom:keyword>
            <lom:string language="en">stochastic</lom:string>
        </lom:keyword>
        <lom:keyword>
            <lom:string language="en">random</lom:string>
        </lom:keyword>
        <lom:keyword>
            <lom:string language="en">probability</lom:string>
        </lom:keyword>
        <lom:keyword>
            <lom:string language="en">independent variables</lom:string>
        </lom:keyword>
        <lom:keyword>
            <lom:string language="en">dependent variables</lom:string>
        </lom:keyword>
        <lom:keyword>
            <lom:string language="en">monte carlo simulation</lom:string>
        </lom:keyword>
        <lom:keyword>
            <lom:string language="en">simulation</lom:string>
        </lom:keyword>
        <lom:keyword>
            <lom:string language="en">population sampling</lom:string>
        </lom:keyword>
        <lom:keyword>
            <lom:string language="en">law of large numbers</lom:string>
        </lom:keyword>
        <lom:keyword>
            <lom:string language="en">variance</lom:string>
        </lom:keyword>
        <lom:keyword>
            <lom:string language="en">confidence interval</lom:string>
        </lom:keyword>
        <lom:keyword>
            <lom:string language="en">empirical rule</lom:string>
        </lom:keyword>
        <lom:keyword>
            <lom:string language="en">standard deviation</lom:string>
        </lom:keyword>
        <lom:keyword>
            <lom:string language="en">central limit theorem</lom:string>
        </lom:keyword>
        <lom:keyword>
            <lom:string language="en">empirical rule</lom:string>
        </lom:keyword>
        <lom:keyword>
            <lom:string language="en">standard deviation</lom:string>
        </lom:keyword>
        <lom:keyword>
            <lom:string language="en">bias</lom:string>
        </lom:keyword>
        <lom:keyword>
            <lom:string language="en">error distribution</lom:string>
        </lom:keyword>
        <lom:keyword>
            <lom:string language="en">sampling</lom:string>
        </lom:keyword>
        <lom:keyword>
            <lom:string language="en">confidence interval</lom:string>
        </lom:keyword>
        <lom:keyword>
            <lom:string language="en">error bars</lom:string>
        </lom:keyword>
        <lom:keyword>
            <lom:string language="en">numpy</lom:string>
        </lom:keyword>
        <lom:keyword>
            <lom:string language="en">scipy</lom:string>
        </lom:keyword>
        <lom:keyword>
            <lom:string language="en">matplotlib</lom:string>
        </lom:keyword>
        <lom:keyword>
            <lom:string language="en">pylab</lom:string>
        </lom:keyword>
        <lom:keyword>
            <lom:string language="en">python</lom:string>
        </lom:keyword>
        <lom:keyword>
            <lom:string language="en">plotting</lom:string>
        </lom:keyword>
        <lom:keyword>
            <lom:string language="en">graphing</lom:string>
        </lom:keyword>
        <lom:keyword>
            <lom:string language="en">machine learning</lom:string>
        </lom:keyword>
        <lom:keyword>
            <lom:string language="en">supervised learning</lom:string>
        </lom:keyword>
        <lom:keyword>
            <lom:string language="en">computer modelling</lom:string>
        </lom:keyword>
        <lom:keyword>
            <lom:string language="en">signal-to-noise</lom:string>
        </lom:keyword>
        <lom:keyword>
            <lom:string language="en">feature vectors</lom:string>
        </lom:keyword>
        <lom:keyword>
            <lom:string language="en">classification model</lom:string>
        </lom:keyword>
        <lom:keyword>
            <lom:string language="en">regression model</lom:string>
        </lom:keyword>
        <lom:keyword>
            <lom:string language="en">classification</lom:string>
        </lom:keyword>
        <lom:keyword>
            <lom:string language="en">classifier</lom:string>
        </lom:keyword>
        <lom:keyword>
            <lom:string language="en">nearest neighbors</lom:string>
        </lom:keyword>
        <lom:keyword>
            <lom:string language="en">feature scaling</lom:string>
        </lom:keyword>
        <lom:keyword>
            <lom:string language="en">decision trees</lom:string>
        </lom:keyword>
        <lom:keyword>
            <lom:string language="en">entropy</lom:string>
        </lom:keyword>
        <lom:keyword>
            <lom:string language="en">supervised learning</lom:string>
        </lom:keyword>
        <lom:keyword>
            <lom:string language="en">training data</lom:string>
        </lom:keyword>
        <lom:keyword>
            <lom:string language="en">clustering</lom:string>
        </lom:keyword>
        <lom:keyword>
            <lom:string language="en">cluster analysis</lom:string>
        </lom:keyword>
        <lom:keyword>
            <lom:string language="en">unsupervised learning</lom:string>
        </lom:keyword>
        <lom:keyword>
            <lom:string language="en">objective function</lom:string>
        </lom:keyword>
        <lom:keyword>
            <lom:string language="en">dendogram</lom:string>
        </lom:keyword>
        <lom:keyword>
            <lom:string language="en">statistical fallacy</lom:string>
        </lom:keyword>
        <lom:keyword>
            <lom:string language="en">systematic errors</lom:string>
        </lom:keyword>
        <lom:keyword>
            <lom:string language="en">correlation and causation</lom:string>
        </lom:keyword>
        <lom:keyword>
            <lom:string language="en">misleading statistics</lom:string>
        </lom:keyword>
        <lom:keyword>
            <lom:string language="en">GIGO</lom:string>
        </lom:keyword>
        <lom:keyword>
            <lom:string language="en">axis truncating</lom:string>
        </lom:keyword>
        <lom:keyword>
            <lom:string language="en">statistical fallacy</lom:string>
        </lom:keyword>
        <lom:keyword>
            <lom:string language="en">extrapolation</lom:string>
        </lom:keyword>
        <lom:keyword>
            <lom:string language="en">data enhancement</lom:string>
        </lom:keyword>
        <lom:keyword>
            <lom:string language="en">Texas Sharpshooter Fallacy</lom:string>
        </lom:keyword>
    </lom:classification>
</lom:lom>
